n,wr,neto,pf,sharpe,maxdd,t,p,kokku_r,tase,paar,rezhiim
1004,38.54581673306773,-0.02492325945169234,0.9578509280448443,-0.13719921341911945,-47.57765605755581,-0.6229097917710208,0.5333438030800977,-25.022952489499108,KOIK PAARID,-,HIGH_VOLATILITY
389,38.81748071979435,-0.05960609362762581,0.8966513170337133,-0.3357605475809563,-28.663649162944882,-0.9765934156844758,0.3287704800953475,-23.18677042114644,KOIK PAARID OOS,-,HIGH_VOLATILITY
67,31.343283582089555,-0.18529011287935093,0.7249508436411407,-0.2905619253413621,-15.313531262925729,-1.2226299290234997,0.2214695036236114,-12.414437562916513,PAAR,EURUSD,HIGH_VOLATILITY
67,31.343283582089555,-0.20548219749028393,0.6811761820949195,-0.3337379470051595,-15.729082783074755,-1.4207140267627307,0.15539991304933043,-13.767307231849024,PAAR,GBPUSD,HIGH_VOLATILITY
65,38.46153846153847,-0.09853703732030676,0.8317705942232222,-0.15226697718879229,-16.488358032695103,-0.6694894221938535,0.503183326071921,-6.40490742581994,PAAR,USDJPY,HIGH_VOLATILITY
53,37.735849056603776,0.031671720337214174,1.0595297055803488,0.04313203092555258,-8.078166160288202,0.18595493136302704,0.8524801043666903,1.678601177872351,PAAR,AUDUSD,HIGH_VOLATILITY
55,32.72727272727273,-0.1622633876633572,0.7341850326809154,-0.2340010899966268,-11.693334961957136,-1.0359018653837084,0.30024792729335714,-8.924486321484647,PAAR,NZDUSD,HIGH_VOLATILITY
59,32.20338983050847,-0.26798959237423503,0.5810214741258715,-0.4355258780388966,-18.636828141200045,-1.8871985451086661,0.059133625928706746,-15.811385950079867,PAAR,USDCAD,HIGH_VOLATILITY
65,50.76923076923077,0.20466951294134486,1.4376822672138625,0.2898173893475619,-6.402024760023939,1.2937052881171145,0.19576723805673613,13.303518341187416,PAAR,USDCHF,HIGH_VOLATILITY
52,30.76923076923077,-0.17782075193257735,0.7398684376775898,-0.23853097290481765,-16.112672087860947,-1.0080297659506423,0.31344017270651126,-9.246679100494022,PAAR,EURGBP,HIGH_VOLATILITY
68,50.0,0.23227153590391036,1.4641112669988392,0.3399123673558803,-7.637814441834134,1.4496193588796016,0.14716469452874614,15.794464441465905,PAAR,EURJPY,HIGH_VOLATILITY
75,40.0,0.03948317975759842,1.0666656662364356,0.05701472196745226,-10.296681339224456,0.25813435893069997,0.7963032153125584,2.9612384818198816,PAAR,GBPJPY,HIGH_VOLATILITY
74,43.24324324324324,0.14754367994907716,1.2686606055473562,0.21699173968330138,-9.75696666433754,0.9348262659828032,0.34987784098482244,10.91823231623171,PAAR,AUDJPY,HIGH_VOLATILITY
81,38.2716049382716,-0.07295209700864931,0.8819950705237273,-0.11650733326537367,-14.902618125960077,-0.5083282713087676,0.6112231466244047,-5.909119857700594,PAAR,EURCHF,HIGH_VOLATILITY
64,39.0625,-0.036922065205896096,0.9379011745156012,-0.053983961410679494,-8.649445528675637,-0.23231188975554645,0.8162957783415568,-2.36301217317735,PAAR,EURAUD,HIGH_VOLATILITY
76,40.78947368421053,0.06936052592292037,1.1158256423802304,0.10127622457299114,-6.839248374066631,0.4360203158352555,0.6628219896889385,5.271399970141948,PAAR,GBPAUD,HIGH_VOLATILITY
83,37.34939759036144,-0.00131411559875131,0.9977789128492563,-0.0021024044098786887,-6.258821038437656,-0.009262188913425394,0.9926099481300279,-0.10907159469635873,PAAR,AUDCAD,HIGH_VOLATILITY
1462,42.20246238030096,0.06364274034822512,1.110251161778971,0.4060116935602978,-23.488687108286598,1.8455703507241872,0.06495461486554621,93.04568638910513,KOIK PAARID,-,LOW_VOLATILITY
640,45.15625,0.13165271164038336,1.241643812147967,0.8572886332845929,-21.41474568188083,2.519999475894524,0.011735500904459073,84.25773544984536,KOIK PAARID OOS,-,LOW_VOLATILITY
94,38.297872340425535,-0.07630007622533563,0.86608845430162,-0.13842166336935482,-17.222104198689912,-0.6277082438728677,0.5301950838820955,-7.1722071651815495,PAAR,EURUSD,LOW_VOLATILITY
94,36.17021276595745,-0.09528017975908004,0.8492466996120619,-0.16250222022505764,-15.275005808856179,-0.7372019271004878,0.4609995617115392,-8.956336897353523,PAAR,GBPUSD,LOW_VOLATILITY
104,42.30769230769231,0.010606108663783574,1.0189429605397862,0.01922529962946837,-13.160434792372689,0.08648862323763797,0.931077999524468,1.1030353010334917,PAAR,USDJPY,LOW_VOLATILITY
95,48.421052631578945,0.2080713811133801,1.4245243057815673,0.34960064919904527,-5.555693464199029,1.5516455394080981,0.12074706036268124,19.76678120577111,PAAR,AUDUSD,LOW_VOLATILITY
101,38.613861386138616,-0.04535041266064558,0.9260670856355794,-0.08041375308550341,-12.575233034586264,-0.3564814591016615,0.7214800348104786,-4.580391678725204,PAAR,NZDUSD,LOW_VOLATILITY
106,44.339622641509436,0.058495174379456914,1.1092804404354022,0.10519605356204395,-10.444520108549016,0.4770065073291945,0.6333574878640218,6.200488484222433,PAAR,USDCAD,LOW_VOLATILITY
102,36.27450980392157,-0.12268161236470485,0.8113873244095515,-0.21577400562241622,-20.02374936403356,-0.9799140740622272,0.32712853511505413,-12.513524461199895,PAAR,USDCHF,LOW_VOLATILITY
112,40.17857142857143,0.017315237106819478,1.028915106761447,0.030316737964768786,-10.688834936631197,0.13750641297316743,0.8906305240767829,1.9393065559637817,PAAR,EURGBP,LOW_VOLATILITY
115,40.869565217391305,0.03394725965858185,1.0551413330323218,0.05923813920946648,-17.40317045270733,0.2690592479823635,0.787884089771016,3.903934860736913,PAAR,EURJPY,LOW_VOLATILITY
102,53.92156862745098,0.45856530225385556,1.9872325750676088,0.7233565328099261,-9.624276478657922,3.269526924230837,0.001077274845617593,46.77366082989327,PAAR,GBPJPY,LOW_VOLATILITY
94,40.42553191489361,0.07821427004461562,1.12982140309603,0.12395136482892706,-8.544963298649389,0.5504054928627178,0.5820412820245586,7.352141384193868,PAAR,AUDJPY,LOW_VOLATILITY
94,51.06382978723404,0.22157702454761832,1.4234385722079497,0.3527549324879535,-6.852207950270605,1.5902584542307865,0.11177655925020025,20.828240307476122,PAAR,EURCHF,LOW_VOLATILITY
86,39.53488372093023,0.0596527843372993,1.101238697909028,0.09306109446412945,-12.807738160294624,0.41283554016715224,0.679727110690713,5.1301394530077395,PAAR,EURAUD,LOW_VOLATILITY
80,38.75,0.06718398336660544,1.108442493144065,0.0975764532819986,-5.373084485978408,0.43150938034834835,0.6660980335167204,5.374718669328436,PAAR,GBPAUD,LOW_VOLATILITY
83,43.373493975903614,0.0951289101197367,1.1584207919657463,0.14012831618784852,-8.90272509082094,0.6197719370526329,0.535407946881288,7.895699539938146,PAAR,AUDCAD,LOW_VOLATILITY
1065,38.028169014084504,-0.009896751146259805,0.9837216004022201,-0.054608594667044465,-42.78290420097852,-0.2472736293660594,0.8046964659169589,-10.540039970766692,KOIK PAARID,-,TRENDING
379,36.93931398416886,-0.05223301935379369,0.9147263076146226,-0.2737330319741144,-26.515684370606873,-0.8010607773815076,0.4230964614946875,-19.796314335087807,KOIK PAARID OOS,-,TRENDING
90,31.11111111111111,-0.18533139995149264,0.7221930993928556,-0.3273118296126701,-18.721201178580095,-1.436783132006975,0.15077962478177165,-16.67982599563434,PAAR,EURUSD,TRENDING
78,28.205128205128204,-0.23799390256692582,0.6453664496543404,-0.4122078330464812,-18.56039000203966,-1.7699364940295956,0.07673772054955696,-18.563524400220214,PAAR,GBPUSD,TRENDING
73,36.986301369863014,-0.06010891520860336,0.8963007235476306,-0.09368542047709792,-13.513963905071202,-0.4191746297298851,0.6750885120502765,-4.387950810228046,PAAR,USDJPY,TRENDING
56,39.285714285714285,0.13660636268863693,1.2475403275673602,0.1694828092850543,-8.83223877882161,0.7503376227566724,0.45305138880025764,7.6499563105636685,PAAR,AUDUSD,TRENDING
65,33.84615384615385,-0.12254740170460698,0.8017628546440841,-0.18266509452192406,-14.87393156115635,-0.8115739265380348,0.4170361574302994,-7.965581110799454,PAAR,NZDUSD,TRENDING
51,37.254901960784316,-0.1276603990134011,0.7893975743779,-0.173044324440254,-11.302852154663778,-0.7560333207869724,0.4496292181480406,-6.510680349683456,PAAR,USDCAD,TRENDING
63,44.44444444444444,0.10945249885634645,1.2046149379650601,0.14832833307667362,-4.715122856974685,0.6621174433697028,0.5078959575324624,6.895507427949826,PAAR,USDCHF,TRENDING
51,33.33333333333333,-0.21197208733340056,0.688731439023288,-0.28822292175112346,-16.69865247983938,-1.218307558947727,0.22310711865032928,-10.810576454003428,PAAR,EURGBP,TRENDING
84,47.61904761904761,0.16121079163728363,1.2938801017910881,0.2434677791906639,-12.468263719505213,1.0940995415009258,0.2739113235153492,13.541706497531825,PAAR,EURJPY,TRENDING
80,42.5,0.1179971608102273,1.205694382468532,0.1729305970237024,-14.12970536206034,0.7761168396306701,0.43768000165683385,9.439772864818185,PAAR,GBPJPY,TRENDING
72,52.77777777777778,0.5045247888544666,2.091101498961144,0.6595486910818443,-5.10381897478408,2.963890839720005,0.003037760256659805,36.3257847975216,PAAR,AUDJPY,TRENDING
72,38.88888888888889,-0.023024450440473816,0.9633218613961961,-0.03547080751782053,-13.802688277314179,-0.1475834145728702,0.8826715450069105,-1.6577604317141148,PAAR,EURCHF,TRENDING
64,32.8125,-0.08662144243711163,0.8637577958367982,-0.12082156377193927,-10.792696446403582,-0.540811032627937,0.5886378376537169,-5.543772315975144,PAAR,EURAUD,TRENDING
89,33.70786516853933,-0.11111539251200242,0.8389754192352972,-0.17357759728150224,-16.72844102142944,-0.7745072638663083,0.43863087430346415,-9.889269933568215,PAAR,GBPAUD,TRENDING
77,37.66233766233766,-0.0309587800951347,0.9521199420408323,-0.04463684207416531,-8.517886279015796,-0.20005877683471582,0.8414346128884265,-2.383826067325372,PAAR,AUDCAD,TRENDING
924,44.047619047619044,0.09953561702890965,1.1806096136122008,0.5081258936085694,-17.905923766576493,2.309741562997461,0.02090246627789938,91.97091013471251,KOIK PAARID,-,RANGING
423,48.93617021276596,0.20140362244727658,1.4021800580135524,1.0778447890690324,-11.110751465144197,3.1683241770545245,0.0015332045555427332,85.19373229519799,KOIK PAARID OOS,-,RANGING
50,38.0,-0.07536782568287696,0.8670925810944118,-0.09894048169829193,-11.16253721491126,-0.44867078247031117,0.6536691645111903,-3.768391284143848,PAAR,EURUSD,RANGING
39,35.8974358974359,-0.13603188972138144,0.7846548036339529,-0.15211478657452795,-10.56066358211507,-0.690078656451056,0.4901447245344457,-5.305243699133876,PAAR,GBPUSD,RANGING
61,44.26229508196721,-0.0016175044265990058,0.9971618860325335,-0.002290203554030426,-10.515633762915744,-0.01004174952827917,0.9919879777391887,-0.09866777002253935,PAAR,USDJPY,RANGING
66,46.96969696969697,0.1328382229820005,1.2700312925863968,0.20418059090400495,-6.524481847352492,0.8619388972083828,0.38872114285594117,8.767322716812032,PAAR,AUDUSD,RANGING
51,39.21568627450981,-0.011429096457328418,0.9803651754630485,-0.01429771053933879,-6.741068149905171,-0.06496165206009337,0.9482045329550659,-0.5828839193237493,PAAR,NZDUSD,RANGING
82,42.68292682926829,0.05478326504573949,1.1013442103926963,0.08742178993529252,-10.444520108548993,0.3893263541346054,0.6970347433824955,4.492227733750639,PAAR,USDCAD,RANGING
72,38.88888888888889,-0.09794588167027735,0.841596176513905,-0.1549983871986554,-13.32503396388216,-0.6676530076483962,0.5043551130190869,-7.0521034802599685,PAAR,USDCHF,RANGING
67,44.776119402985074,0.16081051539954852,1.2796547554585205,0.20640268121318106,-7.082011549622513,0.9361723663888639,0.3491844484577662,10.77430453176975,PAAR,EURGBP,RANGING
67,43.28358208955223,0.12104480220328706,1.2111888377381017,0.1750088717307271,-7.0854336629590176,0.7312622613655843,0.4646189768323219,8.110001747620233,PAAR,EURJPY,RANGING
67,56.71641791044776,0.5768558494057032,2.3720221077628905,0.7493043732339727,-5.342432433254196,3.3339749758918282,0.0008561435978864385,38.649341910182116,PAAR,GBPJPY,RANGING
66,37.878787878787875,-0.05124083280944373,0.9188268687206474,-0.07942272846350588,-10.738776163314467,-0.3170378999798881,0.751214844462875,-3.381894965423286,PAAR,AUDJPY,RANGING
63,49.2063492063492,0.14483050509619808,1.289250136668735,0.20211785924912049,-7.091328893587912,0.9032796487810746,0.3663774947866305,9.124321821060478,PAAR,EURCHF,RANGING
66,48.484848484848484,0.23358364968395906,1.4630838463313547,0.32183644635065195,-4.640031683095424,1.3936499225744512,0.1634233452514755,15.416520879141299,PAAR,EURAUD,RANGING
40,42.5,0.16994505783939698,1.2935204247302543,0.19973691556605944,-6.043348126032411,0.7522635564442021,0.45189257931220395,6.797802313575879,PAAR,GBPAUD,RANGING
67,46.26865671641791,0.14967539700160243,1.2807980114542674,0.2330588090371968,-5.891409320089592,0.9224531903961409,0.35629223599663806,10.028251599107362,PAAR,AUDCAD,RANGING
