rada,paar,strateegia,variant,n,oodatav,pf,sharpe,maxdd,neto_r,t
B_D1,EURCHF,BREAKOUT_RETEST,baseline,37,0.2979081042424261,1.5853201736656009,0.4447883668125749,-5.3371848679511285,11.022599856969766,1.2930836559393568
B_D1,EURCHF,BREAKOUT_RETEST,spread+25%,37,0.27902464943281613,1.538498264976595,0.4166125368582713,-5.430445782415894,10.323912029014197,1.211171205153995
B_D1,EURCHF,BREAKOUT_RETEST,spread+50%,37,0.26014119462320606,1.4933078018150052,0.3884287902431205,-5.523633261191918,9.625224201058623,1.1292357391427077
B_D1,EURCHF,BREAKOUT_RETEST,slip 2x,37,0.2853191343693528,1.5539199852317038,0.4260054187847072,-5.399366972588893,10.556807971666053,1.2384780841272045
B_D1,EURCHF,BREAKOUT_RETEST,spread+50% & slip 2x,37,0.24755222475013267,1.464045560674889,0.3696358177773471,-5.585717470836138,9.15943231575491,1.0746010243992579
B_D1,EURCHF,BREAKOUT_RETEST,SL 1.25xATR,39,0.5302246703153246,2.1044770101556383,0.7719503136796876,-5.4242306732634855,20.67876214229766,2.244205128316866
B_D1,EURCHF,BREAKOUT_RETEST,SL 1.75xATR,37,0.1209758270705192,1.217389619243095,0.18747929660866888,-5.274970105964383,4.47610560160921,0.5450376681587772
B_D1,EURCHF,BREAKOUT_RETEST,MC maxDD 5% kvantiil,37,0.2979081042424261,,,-7.803078460928224,11.022599856969766,
B_D1,GBPJPY,MOMENTUM,baseline,71,0.28539144297673913,1.5783853993086001,0.604233533868974,-7.943957196534113,20.262792451348478,1.773046137363042
B_D1,GBPJPY,MOMENTUM,spread+25%,71,0.2761192581350352,1.5542069248821282,0.5845422833278113,-8.133364675435285,19.6044673275875,1.7152646774558078
B_D1,GBPJPY,MOMENTUM,spread+50%,71,0.26684707329333124,1.530489534721428,0.5648529813415839,-8.35014680951579,18.94614220382652,1.657488935334178
B_D1,GBPJPY,MOMENTUM,slip 2x,71,0.2792099864156031,1.5622145250600856,0.5911058278480403,-8.06099463168566,19.823909035507818,1.7345245606080826
B_D1,GBPJPY,MOMENTUM,spread+50% & slip 2x,71,0.2606656167321953,1.514927627094617,0.5517279709564047,-8.494395297235545,18.507258787985865,1.6189752685780754
B_D1,GBPJPY,MOMENTUM,SL 1.25xATR,81,0.16757766331976015,1.289035329846265,0.36435955791212216,-12.2554617206318,13.573790728900573,1.0691665896641251
B_D1,GBPJPY,MOMENTUM,SL 1.75xATR,67,0.356614208979089,1.8300401171802672,0.766163698117244,-4.125635066545352,23.893152001598963,2.248209523950614
B_D1,GBPJPY,MOMENTUM,MC maxDD 5% kvantiil,71,0.28539144297673913,,,-10.155801986267832,20.262792451348478,
B_D1,EURCHF,MOMENTUM,baseline,65,0.24081014740256315,1.5205287136587469,0.5257691753317331,-7.922152783625114,15.652659581166604,1.5108302686765773
B_D1,EURCHF,MOMENTUM,spread+25%,65,0.2228557543493275,1.4734844153464517,0.48678774988051954,-8.246073245718499,14.485624032706287,1.39881472982211
B_D1,EURCHF,MOMENTUM,spread+50%,65,0.2049013612960919,1.4280214482703717,0.44776336619565205,-8.56892099611618,13.318588484245973,1.2866757478242667
B_D1,EURCHF,MOMENTUM,slip 2x,65,0.22884055203373938,1.488986117033011,0.49978642931407335,-8.13821911341458,14.87463588219306,1.436167239749391
B_D1,EURCHF,MOMENTUM,spread+50% & slip 2x,65,0.1929317659272681,1.3985523835987894,0.42172422579433433,-8.783558525099078,12.540564785272426,1.2118506661450146
B_D1,EURCHF,MOMENTUM,SL 1.25xATR,66,0.23599934992791208,1.4609574702975474,0.49370284380843615,-6.830143787102772,15.575957095242197,1.4186856802452619
B_D1,EURCHF,MOMENTUM,SL 1.75xATR,61,0.21852836757429797,1.494125573967089,0.4840206885919246,-6.688181550436023,13.330230422032177,1.3908634079374549
B_D1,EURCHF,MOMENTUM,MC maxDD 5% kvantiil,65,0.24081014740256315,,,-9.577506628107058,15.652659581166604,
B_D1,USDJPY,MOMENTUM,baseline,66,0.23576588113931596,1.5144875035581487,0.5306849745636293,-7.869385597875622,15.560548155194853,1.5104771568886632
B_D1,USDJPY,MOMENTUM,spread+25%,66,0.23130704648451658,1.5023377967168665,0.5205573130663629,-7.931072311142772,15.266265067978095,1.4816510131733627
B_D1,USDJPY,MOMENTUM,spread+50%,66,0.22684821182971723,1.4903040181176608,0.5104326408692011,-7.992721542360403,14.971981980761337,1.4528333778382494
B_D1,USDJPY,MOMENTUM,slip 2x,66,0.23041527955355665,1.4999218200361197,0.5185321384548469,-7.943405155295347,15.20740845053474,1.4758868025097367
B_D1,USDJPY,MOMENTUM,spread+50% & slip 2x,66,0.22149761024395798,1.4760141861949503,0.49828702529874164,-8.066651172325312,14.618842276101226,1.418263575121269
B_D1,USDJPY,MOMENTUM,SL 1.25xATR,66,0.321241634085579,1.706183106470379,0.6926138652292867,-7.713644180380596,21.201947849648214,1.9713718535812128
B_D1,USDJPY,MOMENTUM,SL 1.75xATR,64,0.215599334404505,1.505077169020392,0.5068062936701135,-7.980637074228225,13.79835740188832,1.4425117842945974
B_D1,USDJPY,MOMENTUM,MC maxDD 5% kvantiil,66,0.23576588113931596,,,-9.726013557579273,15.560548155194853,
B_D1,EURJPY,MOMENTUM,baseline,76,0.1782273181421186,1.3317558748492517,0.39936360349603955,-7.759170515096603,13.545276178801013,1.1687099520552944
B_D1,EURJPY,MOMENTUM,spread+25%,76,0.1689169402085437,1.3115180008738991,0.37840552900016916,-7.9633500212689,12.837687455849322,1.107377597216697
B_D1,EURJPY,MOMENTUM,spread+50%,76,0.15960656227496883,1.2916509592065886,0.3574561036794455,-8.167098274931806,12.13009873289763,1.0460705535906953
B_D1,EURJPY,MOMENTUM,slip 2x,76,0.17077901579525867,1.3155355792980015,0.38259646282651155,-7.922548648018668,12.97920520043966,1.1196420750719007
B_D1,EURJPY,MOMENTUM,spread+50% & slip 2x,76,0.1521582599281089,1.2760175255992272,0.3407030185911851,-8.329786958951413,11.564027754536276,0.9970438092933193
B_D1,EURJPY,MOMENTUM,SL 1.25xATR,82,0.1711314754508396,1.2957033530938011,0.37586211462696545,-8.737029006365471,14.032780986968847,1.1022177706053762
B_D1,EURJPY,MOMENTUM,SL 1.75xATR,72,0.10081307789178874,1.1974720063336897,0.2379168281530629,-9.892891905579248,7.258541608208789,0.6976924401562384
B_D1,EURJPY,MOMENTUM,MC maxDD 5% kvantiil,76,0.1782273181421186,,,-12.107337400987559,13.545276178801013,
B_D1,AUDCAD,MOMENTUM,baseline,72,0.16841017779223685,1.3255431926553216,0.36920696469923014,-7.149718856182807,12.125532801041054,1.0802859138877758
B_D1,AUDCAD,MOMENTUM,spread+25%,72,0.15529817905753945,1.2961943862378864,0.34051738389773467,-7.282890740835091,11.18146889214284,0.9963412623006945
B_D1,AUDCAD,MOMENTUM,spread+50%,72,0.14218618032284203,1.2676179532879195,0.311816662092636,-7.415890018473458,10.237404983244625,0.9123640125494129
B_D1,AUDCAD,MOMENTUM,slip 2x,72,0.16125817848240187,1.30943713565558,0.3535595115230631,-7.222379475593299,11.610588850732935,1.0345020450265745
B_D1,AUDCAD,MOMENTUM,spread+50% & slip 2x,72,0.13503418101300704,1.2523455276243254,0.2961571936891686,-7.488362398866699,9.722461032936508,0.8665449875778296
B_D1,AUDCAD,MOMENTUM,SL 1.25xATR,78,0.1721244767434361,1.3053665234300427,0.37311383840090634,-9.121888354033924,13.425709185988016,1.0950289566823606
B_D1,AUDCAD,MOMENTUM,SL 1.75xATR,66,0.20367104426664556,1.454581325299666,0.4616851616719172,-6.54937642083584,13.442288921598607,1.3426405473649958
B_D1,AUDCAD,MOMENTUM,MC maxDD 5% kvantiil,72,0.16841017779223685,,,-11.592279762091819,12.125532801041054,
B_D1,USDCHF,BREAKOUT_RETEST,baseline,57,0.16084810982177014,1.3284640053806205,0.3274480651239056,-5.4505845587402675,9.168342259840898,0.9573346223338967
B_D1,USDCHF,BREAKOUT_RETEST,spread+25%,57,0.15508964796322527,1.3149112453427287,0.3158113477923946,-5.49388247965309,8.840109933903841,0.9233132504636645
B_D1,USDCHF,BREAKOUT_RETEST,spread+50%,57,0.14933118610468046,1.301511123405042,0.30416795369588273,-5.537162918550898,8.511877607966786,0.8892723582511817
B_D1,USDCHF,BREAKOUT_RETEST,slip 2x,57,0.15553260656772877,1.3159483131772078,0.3167067173440045,-5.490552491093448,8.86535857436054,0.9259309732809161
B_D1,USDCHF,BREAKOUT_RETEST,spread+50% & slip 2x,57,0.14401568285063907,1.2892750391721053,0.29341430666069185,-5.577098581632334,8.208893922486427,0.8578327508152637
B_D1,USDCHF,BREAKOUT_RETEST,SL 1.25xATR,60,0.09753606770002406,1.1736210955956083,0.19343704532477587,-11.348212477565745,5.852164062001443,0.5655369521310378
B_D1,USDCHF,BREAKOUT_RETEST,SL 1.75xATR,53,0.1604894027096312,1.3501190822890048,0.33002418543506473,-5.507744101643819,8.505938343610453,0.9648662263586051
B_D1,USDCHF,BREAKOUT_RETEST,MC maxDD 5% kvantiil,57,0.16084810982177014,,,-9.963237283590217,9.168342259840898,
A_H1,AUDUSD,MEAN_REVERSION,baseline,47,0.12082903057109133,1.2879910366088976,0.8842540198987834,-4.07839814205121,5.678964436841293,0.8493699285174345
A_H1,AUDUSD,MEAN_REVERSION,spread+25%,47,0.08967568774913884,1.2080017253631705,0.6556307317586965,-4.2949293293867985,4.2147573242095255,0.6297658989794133
A_H1,AUDUSD,MEAN_REVERSION,spread+50%,47,0.058522344927186325,1.1321939072535059,0.42742587401809123,-4.5754994086888985,2.750550211577757,0.41056379263370946
A_H1,AUDUSD,MEAN_REVERSION,slip 2x,47,0.08967568774913887,1.2080017253631707,0.6556307317586968,-4.2949293293867985,4.214757324209526,0.6297658989794135
A_H1,AUDUSD,MEAN_REVERSION,spread+50% & slip 2x,47,0.027369002105233794,1.0602480487906618,0.1996771521319101,-4.932924057570176,1.2863430989459883,0.1917998274435424
A_H1,AUDUSD,MEAN_REVERSION,SL 1.25xATR,50,0.21345114240916074,1.5946498968044422,1.683369180114476,-3.682279695264179,10.672557120458038,1.616959751391289
A_H1,AUDUSD,MEAN_REVERSION,SL 1.75xATR,44,-0.08875316107744546,0.8362364032125033,-0.6054515839955598,-5.280373852576603,-3.9051390874076004,-0.5815663339341565
A_H1,AUDUSD,MEAN_REVERSION,MC maxDD 5% kvantiil,47,0.12082903057109133,,,-7.6253103893621645,5.678964436841293,
B_D1,AUDJPY,MOMENTUM,baseline,74,0.08543506644413568,1.1523972207516329,0.1905802689937667,-9.865556343667715,6.32219491686604,0.556559818587666
B_D1,AUDJPY,MOMENTUM,spread+25%,74,0.07688634990066484,1.1359069635889243,0.1715041454149613,-10.255265303064709,5.689589892649198,0.5008509882117204
B_D1,AUDJPY,MOMENTUM,spread+50%,74,0.06833763335719398,1.1197125150534626,0.15242903473527106,-10.643322841746983,5.056984868432354,0.44514511584895605
B_D1,AUDJPY,MOMENTUM,slip 2x,74,0.07973592208182176,1.1413704505322857,0.17786274865138219,-10.125546147172049,5.900458234054811,0.5194202928014263
B_D1,AUDJPY,MOMENTUM,spread+50% & slip 2x,74,0.06263848899488006,1.109076646904623,0.13971293619946548,-10.901113798503403,4.6352481856211245,0.4080097422260848
B_D1,AUDJPY,MOMENTUM,SL 1.25xATR,77,0.12761892091264201,1.2201451198971813,0.27760859374060654,-11.90841762759841,9.826656910273435,0.8107124068321179
B_D1,AUDJPY,MOMENTUM,SL 1.75xATR,69,-0.0043984879812124416,0.9922042472858547,-0.010080630735378496,-11.5704913647512,-0.30349567070365846,-0.02943890279384067
B_D1,AUDJPY,MOMENTUM,MC maxDD 5% kvantiil,74,0.08543506644413568,,,-13.317384065258045,6.32219491686604,
B_D1,GBPAUD,BREAKOUT_RETEST,baseline,30,0.07803716736515952,1.1404225616301202,0.11926980491867517,-5.687157738787995,2.3411150209547857,0.3274451048402684
B_D1,GBPAUD,BREAKOUT_RETEST,spread+25%,30,0.0661519734497196,1.117658043413863,0.10113640099609866,-5.82289107732441,1.984559203491588,0.27766138671825374
B_D1,GBPAUD,BREAKOUT_RETEST,spread+50%,30,0.05426677953427968,1.095414523811838,0.08299123419397385,-5.958446559610953,1.6280033860283902,0.22784537461093796
B_D1,GBPAUD,BREAKOUT_RETEST,slip 2x,30,0.07155433432037411,1.1279398718693563,0.10938033167976235,-5.7612161662129235,2.1466300296112233,0.30029439721784157
B_D1,GBPAUD,BREAKOUT_RETEST,spread+50% & slip 2x,30,0.04778394648949422,1.0834949326838434,0.07308900883779897,-6.0323110246389255,1.4335183946848264,0.200659657135207
B_D1,GBPAUD,BREAKOUT_RETEST,SL 1.25xATR,31,-0.03809060421082253,0.9415385096636031,-0.057029015362580024,-5.149785116569195,-1.1808087305354986,-0.15656831104125796
B_D1,GBPAUD,BREAKOUT_RETEST,SL 1.75xATR,30,0.019808850147320277,1.0373334302578752,0.032332117515576235,-4.596162369973589,0.5942655044196083,0.08876507861159448
B_D1,GBPAUD,BREAKOUT_RETEST,MC maxDD 5% kvantiil,30,0.07803716736515952,,,-8.668087971618222,2.3411150209547857,
